VendorId,RateCode,PassengerCount,TripTime,TripDistance,PaymentType,ActualFareAmount,PredictedFareAmount
VTS,1,1,1140,3.75,CRD,15.5,14.620952
VTS,1,1,480,2.72,CRD,10,11.785231
VTS,1,1,1680,7.8,CSH,26.5,24.912373
VTS,1,1,600,4.73,CSH,14.5,17.427277
VTS,1,1,600,2.18,CRD,9.5,10.070967
CMT,1,1,463,1.8,CSH,8,9.000286
CMT,1,1,1089,4.1,CSH,15.5,15.84697
CMT,1,1,972,3,CSH,13.5,12.655312
CMT,1,1,1447,5.5,CSH,20.5,19.360336
CMT,1,1,547,1.2,CRD,8,7.0958285
